name,city,type,link,note,conf
Artlab,Buenos Aires,Digital art,https://www.instagram.com/artlabpro,"Laboratorio arte e tecnologia, legato a MUTEK AR e Supernova x Artlab (Ibiza)",Certain
Poing Club,Rotterdam,Musica,https://www.instagram.com/poing_club,"Collettivo club, organizza Poing Festival e serate all Export",Certain
LaVallee,Bruxelles,Arte,https://www.instagram.com/lavallee_bxl,"Studi arte, spazi espositivi ed eventi multidisciplinari",Certain
Galathea Kroen,Copenhagen,Musica,https://www.instagram.com/galatheakroen_,"Storico locale jazz, jam session",Certain
La Fontaine,Copenhagen,Musica,https://www.instagram.com/lafontainecph,"Il jazz bar piu antico di Copenhagen, jam session ven-dom",Certain
Baggen,Copenhagen,Musica,https://www.instagram.com/baggenkbh,Bar club queer-friendly nel Meatpacking District,Certain
Pumpehuset,Copenhagen,Musica,https://www.instagram.com/pumpehuset,Sala concerti su due piani nel centro citta,Certain
Alice,Copenhagen,Musica,https://www.instagram.com/alice_nbro,"Venue per musica avventurosa: world, jazz, elettronica, avant-garde",Certain
Lygtens Kro,Copenhagen,Misto,https://www.instagram.com/lygtenskro,"Locale con concerti intimi, cibo e birra",Certain
Katatonic Silentio,Tour da verificare,Tour artista,https://www.instagram.com/katatonic_silentio,"Producer/DJ italiana, elettronica sperimentale (Delsin, Ilian Tape)",Certain
Zoe Mcpherson,Tour da verificare,Tour artista,https://www.instagram.com/zoemcphers,"Artista multimediale franco-irlandese, base Berlino, fondatrice SFX",Certain
Sangre de Muerdago,Tour da verificare,Tour artista,https://www.instagram.com/sangredemuerdago,"Folk galiziano, attivi dal 2007",Certain
Dame Area,Tour da verificare,Tour artista,https://www.instagram.com/dame_area_,"Duo Barcellona, dark electro/EBM",Certain
Wost,Tour da verificare,Tour artista,https://www.instagram.com/wostmusic,"DJ/producer venezuelano, base Bogota, club music latino/tribal",Certain
L'Appel du Vide,Helsinki,Musica,https://www.instagram.com/lappelduvidefest,"Festival annuale a KULT: minimal wave, EBM, synth-punk, dark italo",Certain
Petit Bain,Parigi,Musica,https://www.instagram.com/petitbain,"Sala concerti/club galleggiante sulla Senna, ~250 concerti/anno",Certain
Leda Atomica,Marsiglia,Misto,https://www.instagram.com/ledaatomicamusique,"Sala concerti indipendente, punk/rock/elettronica",Certain
Soma,Marsiglia,Arte,https://www.instagram.com/soma.marseille,"Spazio arte ibrido, Cours Julien",Certain
Les 9 Salopards,Marsiglia,Misto,https://www.instagram.com/les9salopards,"Centro culturale multidisciplinare: concerti, mostre, dischi",Certain
L'Estaminet Matinal,Marsiglia,Musica,https://www.instagram.com/lestaminetmatinal,"Bar club elettronica, Notre Dame du Mont",Certain
Le Chapiteau,Marsiglia,Misto,https://www.instagram.com/le_chapiteau_marseille,"Lieu open-air, bar bio/club/ristorante, Belle de Mai",Certain
La Makeda,Marsiglia,Musica,https://www.instagram.com/lemakeda13,"Sala concerti, gestita da due donne, ~200 concerti/anno",Certain
Habitat Festival,Amburgo,Musica,https://www.instagram.com/habitatfestival,"32 ore di rave nonstop, tecno/house, luglio a MS Artville",Certain
Kampnagel,Amburgo,Arte,https://www.instagram.com/kampnagel_hamburg,Il piu grande centro indipendente per arti performative in Germania,Certain
Hafenklang,Amburgo,Musica,https://www.instagram.com/hafenklanghamburg,"Sala concerti storica, indie/rock/punk, dal 1996",Certain
Frappant,Amburgo,Arte,https://www.instagram.com/frappantgalerie,"Centro arte e cultura in ex caserma, mostre e concerti",Certain
Frau Holle,Amburgo,Musica,https://www.instagram.com/club.frauholle,"Club techno/house a St. Pauli (esistono due profili simili, verificare)",Likely
Kir,Amburgo,Musica,https://www.instagram.com/kirhamburg,Club goth/industrial/darkwave/post-punk ad Altona,Certain
Savage Club,Amburgo,Musica,https://www.instagram.com/savage_hamburg,"Serate club/live music, handle confermato via ricerca (24K follower)",Certain
Centro Sociale,Amburgo,Misto,https://www.instagram.com/centrosocialehamburg,"Centro sociale di sinistra nello Schanzenviertel, cultura e politica",Certain
Dub Cafe,Amburgo,Musica,https://dubcafehamburg.wordpress.com/,"Serata dub mensile dentro la Rote Flora, nessun IG ufficiale trovato",Guessing
Panke,Berlino,Misto,https://www.instagram.com/pankeculture,"Cafe/bar/club/spazio arte a Wedding, musica sperimentale",Certain
Codex,Berlino,Arte,https://www.instagram.com/codexberlin,"Collettivo artistico, eventi/musica avant-garde",Certain
Renate,Berlino,Musica,https://www.instagram.com/renate.berlin,"Storico club techno a Friedrichshain (rischio chiusura poi riaperto 2026, verificare stato attuale)",Likely
Slaughterhouse,Berlino,Musica,https://www.instagram.com/slaughterhouse_berlin,"Sala concerti indie/punk/metal/gothic dal 1991, Kulturfabrik Moabit",Certain
Reef,Berlino,Musica,https://www.instagram.com/reef_berlin,"Serie di serate bass/UK music, spesso al Berghain",Certain
Loophole,Berlino,Misto,https://www.instagram.com/loophole_brln,"Storico spazio DIY arte/musica a Neukolln, sfrattato nel 2024, ora opera ""in esilio"" con eventi itineranti",Certain
Ono2,Francoforte,Misto,https://www.instagram.com/ono2_frankfurt,"Spazio arte/concerti/musica, eventi privati",Certain
Death Disco,Atene,Musica,https://www.instagram.com/deathdisco_,"Club new wave/post-punk/goth/EBM, anche festival open air collegato",Certain
Chaos Festival,Atene,Musica,https://www.instagram.com/chaosfestival,"Festival techno/elettronica (nome ambiguo, esiste anche chaos.festival)",Likely
Spiti,Atene,Musica,https://www.instagram.com/spitiartbar,Spiti Art Bar a Keramikos (match incerto col nome nella lista originale),Likely
Covo Club,Bologna,Musica,https://www.instagram.com/covoclub,Storico club rock/indie dal 1980,Certain
Tpo,Bologna,Misto,https://www.instagram.com/tpo_bologna,"Municipio sociale, arte/cultura/politica dal 1995",Certain
Freakout Club,Bologna,Musica,https://www.instagram.com/freakout_club,"Live underground dal 2012, no cover band",Certain
Tank Serbatoio,Bologna,Musica,https://www.instagram.com/tank_serbatoioculturale,"Circolo Arci, concerti anche darkwave/post-punk",Certain
Manifattura Tabacchi,Firenze,Arte,https://www.instagram.com/manifatturatabacchifi,Quartiere contemporaneo con eventi arte/musica/cultura,Certain
Bonfim,Genova,Musica,https://www.instagram.com/bonfimclub,"Club musica elettronica a Nervi (attenzione: licenza ritirata nel 2024, verificare se riaperto)",Likely
Combo,Milano,Misto,https://www.instagram.com/thisiscombo,"Ostello/bar/spazio arte sui Navigli, anche a Venezia/Torino/Bologna",Certain
Circolo Nadir,Padova,Musica,https://www.instagram.com/circolonadir,"Circolo Arci, concerti anche post-punk/synth",Certain
Klang,Roma,Musica,https://www.instagram.com/klangroma,"Pigneto, elettronica/noise/jazz sperimentale/psichedelia",Certain
Fotonica Festival,Roma,Digital art,https://www.instagram.com/fotonicafestival,Festival annuale audio-visual digital arts,Certain
Rome Psych Fest,Roma,Musica,https://www.instagram.com/monkroma,Festival psichedelico ospitato al MONK Roma (uso IG del club),Likely
Amen_nite,Roma,Musica,https://www.instagram.com/amen_nite,Promoter serate rave/club,Certain
Deposito,Verona,Misto,https://www.instagram.com/deposito.verona,"Bar vintage con musica dal vivo, via XX Settembre",Certain
Veniceberg,Verona,Musica,https://www.instagram.com/veniceberg_official,"Club privato dal 2012, musica elettronica",Certain
Depo,Riga,Musica,https://www.instagram.com/klubsdepo,"Club underground/alternativo dal 2002, indie/industrial/metal/punk",Certain
Laska V21,Riga,Musica,https://www.instagram.com/laska.v21,"Concerti e bar, atmosfera industrial, darkwave/post-punk/EBM",Certain
Kanepes Kulturas Centrs,Riga,Misto,https://www.instagram.com/kanepeskc,"Centro culturale e bar, mostre e arte sperimentale",Certain
Post Club,Vilnius,Musica,https://www.instagram.com/postclubvilnius,"Nuovo club, musica elettronica",Certain
BLÅ,Oslo,Musica,https://www.instagram.com/blaaoslo,"Storico club jazz/hip-hop/concerti, il piu grande di Scandinavia",Certain
The Villa,Oslo,Musica,https://www.instagram.com/thevillaoslo,"Club elettronica underground dal 2007, techno/house/drum n bass",Certain
Jaeger,Oslo,Musica,https://www.instagram.com/jaegeroslo,"Club intimo, house/techno/disco",Certain
Revolver,Oslo,Musica,https://www.instagram.com/revolveroslo,"Bar/club rock indie, concerti in cantina",Certain
Sentralen,Oslo,Misto,https://www.instagram.com/sentralenoslo,"Ex banca, ora hub eventi/cultura/musica in centro",Certain
SALT Art & Music,Oslo,Arte,https://www.instagram.com/saltartmusic,Hub arte/musica/sauna sul lungomare,Certain
MIR,Oslo,Musica,https://www.instagram.com/lufthavnamir,"Grünerløkka Lufthavn, musica dal vivo underground dal 1997",Certain
Ingensteds,Oslo,Musica,https://www.instagram.com/ingensteds,"Ex fabbrica tessile Indigo, club/concerti/cultura",Certain
Kulturhuset,Oslo,Misto,https://www.instagram.com/kulturhusetioslo,3 piani con bar/cafe/concerti/club,Certain
Dattera til Hagen,Oslo,Misto,https://www.instagram.com/datteratilhagen,"Bar/cafe/club con cortile, DJ nel weekend",Certain
Kafé Hærverk,Oslo,Musica,https://www.instagram.com/kafehaerverk,"Bar/club per musica sperimentale/indipendente, anche negozio vinili",Certain
Vega Scene,Oslo,Arte,https://www.instagram.com/vegascene,Cinema darte e teatro indipendente dal 2018,Certain
Tegnerforbundet,Oslo,Arte,https://www.instagram.com/tegnerforbundet,Centro per larte del disegno dal 1916,Certain
Dansens Hus,Oslo,Arte,https://www.instagram.com/dansenshusoslo,Scena nazionale per la danza,Certain
Galleri Sagene Kunstsmie,Oslo,Arte,https://www.instagram.com/galleri_sagenekunstsmie,Galleria gestita da artisti nel quartiere Sagene,Certain
Murmur,Amsterdam,Musica,https://www.instagram.com/murmur.ams,"Bar/spazio culturale con impianto audio artigianale, ascolto e concerti",Certain
Wroclaw Industrial Festival,Wroclaw,Musica,https://www.instagram.com/wroclaw_industrial_festival,Festival storico dark ambient/industrial/noise,Certain
Uptodate Festival,Bialystok,Musica,https://www.instagram.com/uptodatefestival,"Festival elettronica/club culture (non a Lodz come nella tua lista, ma Bialystok)",Likely
Unsound Festival,Cracovia,Musica,https://www.instagram.com/unsoundfestival,"Festival musica sperimentale/elettronica, forme evolute del suono",Certain
Music Box,Lisbona,Musica,https://www.instagram.com/musicboxlisboa,"Club storico, epicentro scena musicale alternativa",Certain
Ministerium,Lisbona,Musica,https://www.instagram.com/ministeriumclub,"Club elettronica dal 2012, house/techno",Certain
Out.Fest,Barreiro,Musica,https://www.instagram.com/out.fest,"Festival musica esplorativa/sperimentale, vicino Lisbona",Certain
Outra Cena,Lisbona,Musica,https://www.instagram.com/outracena_lisboa,"Club in ex magazzino vinicolo, scena queer/elettronica",Certain
Zedosbois (ZDB),Lisbona,Arte,https://www.instagram.com/galeriazedosbois,"Centro arte contemporanea dal 1994, musica/teatro/danza",Certain
Gare,Porto,Musica,https://www.instagram.com/gareporto,Uno dei migliori club techno underground europei,Certain
Cueva de Locos,Barcellona,Musica,https://www.instagram.com/loboscuevade,"Nome trovato leggermente diverso (Lobos vs Locos), verificare sul posto",Likely
Casa Montjuïc,Barcellona,Misto,https://www.instagram.com/casa.montjuic,"Musica, cinema e clubbing in piccolo formato",Certain
Robadors 23,Barcellona,Musica,https://www.instagram.com/robadors23,"Sala musica indipendente dal 2004, jazz e oltre",Certain
Hangar.org,Barcellona,Arte,https://www.instagram.com/hangar_org,Centro produzione e ricerca artistica,Certain
Nitsa Club,Barcellona,Musica,https://www.instagram.com/nitsa_club,"Club elettronica piu longevo di Barcellona, dal 1994, alla Sala Apolo",Certain
Moog,Barcellona,Musica,https://www.instagram.com/moog_barcelona,"Club techno storico dal 1996, aperto 365 giorni l'anno",Certain
Sinestesia,Barcellona,Musica,https://www.instagram.com/sinestesia.barcelona,"Bar musicale e sala concerti a Sants, musica/arte/poesia",Certain
Babylon,Barcellona,Misto,https://www.instagram.com/babylon.bcn,Progetto arte/cultura dal 2019,Certain
Utopia126,Barcellona,Arte,https://www.instagram.com/utopiamarkets,Spazio creazione culturale e artistica,Certain
Undead Dark Club,Barcellona,Musica,https://www.instagram.com/undeaddarkclub,"Club gotico/alternativo attivo piu antico di Spagna, dal 1996",Certain
Wolf Barcelona,Barcellona,Musica,https://www.instagram.com/wolf.barcelona,"Discoteca a Poblenou, ex sede storica Psicodromo",Certain
M7 Club,Barcellona,Musica,https://www.instagram.com/theclubm7,Club underground elettronica a Poble-sec,Certain
Meteoro,Barcellona,Misto,https://www.instagram.com/meteoro.bcn,"Associazione culturale Poble Sec, mostre/cinema/concerti/DJ",Certain
Astra Space Travel,Barcellona,Musica,https://www.instagram.com/astraspacetravel,Serate techno underground dal 2015,Certain
Alterate Club,Barcellona,Musica,https://www.instagram.com/alterateclub,Club techno/technometal,Certain
El Pumarejo,Barcellona (Hospitalet),Misto,https://www.instagram.com/elpumarejo,"Rifugio culturale, musica sperimentale/industrial/black metal",Certain
AMEBA,Barcellona,Musica,https://www.instagram.com/ameba_bcn,"Associazione musica elettronica di Barcellona, organizza festival annuale",Certain
Continental Gràcia,Barcellona,Musica,https://www.instagram.com/sala_continental,"Bar musicale indie rock 80s/90s, musica dal vivo",Certain
Soda Acústic,Barcellona,Musica,https://www.instagram.com/sodacustic,"Piccolo locale per concerti dal vivo, jazz/blues/world",Certain
Màgia Roja,Barcellona,Musica,https://www.instagram.com/magiarojahq,"Etichetta/associazione culturale, definita da The Quietus la piu importante di Spagna per musica estrema/sperimentale",Certain
Absenta del Raval,Barcellona,Musica,https://www.instagram.com/absentaraval,Cocktail bar con concerti jazz/blues dal vivo nel seminterrato,Certain
RED58,Barcellona,Musica,https://www.instagram.com/red58club,"Club techno chiuso nel 2022, ma post recenti suggeriscono riapertura: verificare sul posto",Likely
Les Enfants Brillants,Barcellona,Musica,https://www.instagram.com/lesenfantsclub,"Club boutique hi-fi collegato a Input, elettronica",Certain
Input Hi Fidelity Dance Club,Barcellona,Musica,https://www.instagram.com/inputdanceclub,"Tempio del techno a Poble Espanyol, sistema Funktion-One",Certain
Mira Festival,Barcellona,Digital art,https://www.instagram.com/mirafestival,Festival digital arts e musica contemporanea dal 2011,Certain
Ombra Festival,Barcellona,Musica,https://www.instagram.com/ombrafestival,"Festival industrial/darkwave/elettronica sperimentale, dicembre",Certain
Mostra,Barcellona,Musica,https://www.instagram.com/mostrabcn,"Festival piccolo formato, elettronica avant-garde/sperimentale",Certain
Sala Caracol,Madrid,Musica,https://www.instagram.com/salacaracol,Concerti/feste/eventi,Certain
Sigh Club,Madrid,Musica,https://www.instagram.com/sigh.club,"Serate house/techno/vinile, alla Cadavra Club",Certain
Cadavra Club,Madrid,Musica,https://www.instagram.com/cadavra.club,Club musica elettronica,Certain
Fluido,Madrid,Musica,https://www.instagram.com/fluidoxd,"Serata house il venerdi, alla Sala Stella",Certain
Specka,Madrid,Musica,https://www.instagram.com/specka_live,Sala concerti vicino Santiago Bernabeu,Certain
Under,Madrid,Musica,https://www.instagram.com/under_bridge_club,"Spazio house/techno underground, ambiente intimo (nome esatto da confermare)",Likely
La Fábrica de Hielo,Valencia,Misto,https://www.instagram.com/lafabricadehielo_,"Ex fabbrica di ghiaccio, ora spazio socioculturale: musica/danza/cinema/teatro",Certain
Spook,Valencia,Musica,https://www.instagram.com/spook.club,Storico club dal 1984,Certain
Skeppet,Göteborg,Musica,https://www.instagram.com/skeppet_gbg,Live scen/ristorante/studio musicale,Certain
Trädgården / Under Bron,Stoccolma,Musica,https://www.instagram.com/tradgarden,"Trädgården (estivo) e Under Bron (invernale), storico complesso club sotto un ponte",Certain
Debaser,Stoccolma,Musica,https://www.instagram.com/debasersthlm,Sala concerti/club iconica dal 2002,Certain
Slaktkyrkan,Stoccolma,Musica,https://www.instagram.com/slaktkyrkan,"Sala concerti/club, ex mattatoio",Certain
Nalen,Stoccolma,Musica,https://www.instagram.com/nalenstockholm,"Sala storica dal 1888, concerti/musica/ristorante",Certain
Fasching,Stoccolma,Musica,https://www.instagram.com/faschingsthlm,"Jazz club dal 1977, uno dei piu antichi in Europa",Certain
Klubb Död,Stoccolma,Musica,https://www.instagram.com/klubbdod,Serata goth/post-punk/synth/cold wave,Certain
Inkonst,Malmö,Misto,https://www.instagram.com/inkonst,"Spazio indipendente per musica/performance/cultura non convenzionale (nella tua lista come ""Inkost"", probabile refuso)",Likely
Aether,Budapest,Musica,https://www.instagram.com/aetherclub,Club techno/house underground,Certain
Turbina,Budapest,Misto,https://www.instagram.com/turbinabudapest,Spazio arte/musica multifunzionale,Certain
Arzenál,Budapest,Musica,https://www.instagram.com/arzenalbudapest,"Il piu grande club indoor dUngheria, ex fabbrica di armi (probabile match per ""Arsenal"")",Certain
Pure Lust,Budapest,Musica,https://www.instagram.com/pure._.lust,Collettivo/serate techno-house,Certain
Badhanna,Budapest,Musica,https://www.instagram.com/badhannabudapest,Club con serate house neon-lit ogni weekend,Certain
Fekete Zaj,Mátra (Ungheria),Musica,https://www.instagram.com/feketezaj,Festival darkwave/post-punk/experimental/metal estremo,Certain
Vurt,Seul,Musica,https://www.instagram.com/vurt_seoul,"Club techno, un po fuori dal centro",Certain
Cakeshop,Seul,Musica,https://www.instagram.com/cakeshopseoul,"Club underground a Itaewon, future house/hip-hop/RnB",Certain
Seendosi,Seul,Misto,https://www.instagram.com/seendosi,Spazio artistico multiforme dal 2015: bar/concerti/mostre/proiezioni,Certain
Club Daphnia,Osaka,Musica,https://www.instagram.com/club_daphnia,"Club techno/house, sistema audio DIY rinomato",Certain
ForestLimit,Tokyo,Musica,https://www.instagram.com/forestlimit_info,Piccolo spazio DIY per musica sperimentale a Hatagaya,Certain
Contact,Tokyo,Musica,https://www.instagram.com/contacttokyo,"Club techno storico, edificio demolito nel 2022 ma IG sembra attivo: verificare se riaperto altrove",Likely
Club Asia,Tokyo,Musica,https://www.instagram.com/clubasia,Storico club/live house a Shibuya dal 1996,Certain
Space.Tokyo,Tokyo,Musica,https://www.instagram.com/space.tokyo,Club/spazio eventi,Certain
Kinone Pension,Tokyo,Musica,https://www.instagram.com/kinone_pension,"Club nascosto tra le piste dellaeroporto di Narita (area metropolitana di Tokyo), costruito dagli attivisti anti-aeroporto negli anni 80",Certain
Grasslands Festival,Kathmandu,Musica,https://www.instagram.com/grasslandsfestival,"Festival musicale boutique dellHimalaya, dal 2021",Certain
Unmute,Hanoi,Musica,https://www.instagram.com/unmute.hanoi,"Spazio per crescita e voci autentiche, musica elettronica",Certain
Club Pantera,San Paolo,Musica,https://www.instagram.com/pantera.clube,Rock/post-punk/elettronica,Certain
Lagarta Bar,San Paolo,Musica,https://www.instagram.com/lagartabar,Bar con musica,Certain
Cama de Gato,San Paolo,Musica,https://www.instagram.com/camadegat0,Bar con ping pong e post-punk,Certain
Porta,San Paolo,Musica,https://www.instagram.com/_____porta_____,Casa culturale indipendente dal 2022: musica/bar/studio/vinile,Certain
Fourtwenty Sound,Bogotá,Musica,https://www.instagram.com/fourtwentysound,"Producer/DJ/label head, tropical bass",Certain
Yu Yu,Città del Messico,Musica,https://www.instagram.com/yuyucineclub,"Club intimo in seminterrato, elettronica avant-garde",Certain
La Brisa,Bali (Canggu),Misto,https://www.instagram.com/labrisabali,"Beach club con piscina, musica, mercato domenicale",Certain
Lunchmeat Festival,Praga,Digital art,https://www.instagram.com/lunchmeatfestival,Festival musica elettronica avanzata e new media art dal 2010,Certain
Acusmatiq Festival,Ancona,Musica,https://www.instagram.com/acusmatiq_festival,Suoni elettronici dal 2006 alla Mole Vanvitelliana,Certain
Dancity Festival,Foligno,Musica,https://www.instagram.com/dancityfestival,Festival musica elettronica dal 2006,Certain
M'era Luna,Hildesheim (Germania),Musica,https://www.instagram.com/meralunafstvl,"Il piu grande festival gothic/darkwave/EBM di Germania, dal 2000",Certain
Keroxen,Tenerife,Musica,https://www.instagram.com/keroxen,"Festival/etichetta arte sperimentale, ex deposito olio",Certain
Grauzone Festival,LAia (Olanda),Musica,https://www.instagram.com/grauzone_festival,"Festival post-punk/darkwave/EBM/industrial, musica/film/arte",Certain
Refractor,Toledo (Spagna),Musica,https://www.instagram.com/refractor.festival,"Festival elettronica in un villaggio, connessione con la natura",Certain
Nuits Sonores,Lione,Musica,https://www.instagram.com/nuits_sonores,"Grande festival musica elettronica/digitale dal 2003, taggato da un artista club",Certain
Optimistic Festival,Parigi,Musica,https://www.instagram.com/optimisticfestival,"Festival elettronica, taggato da un artista club",Likely
Iota Festival,Nantes,Musica,https://www.instagram.com/iota_festival,"Festival musica elettronica/arti digitali, taggato da un artista club",Likely
Bonjour C'est Cluster,Lille,Musica,https://www.instagram.com/bonjourcestcluster,"Collettivo/promoter, taggato da un artista club",Certain
Commune de Nuit,Marsiglia,Musica,https://www.instagram.com/communedenuit,"Collettivo/promoter notturno, taggato da un artista club",Likely
OHM Town,Marsiglia,Musica,https://www.instagram.com/ohm_town,"Collettivo/spazio musica elettronica, taggato da un artista club",Likely
ARCAN.IO,Marsiglia,Musica,https://www.instagram.com/arcan.io,"Collettivo/promoter elettronica, taggato da un artista club",Likely
Drama Event,Marsiglia,Musica,https://www.instagram.com/drama.event,"Organizzatore eventi/serate club, taggato da un artista club",Likely
Unite.22,Marsiglia,Musica,https://www.instagram.com/unite.22_marseille,"Collettivo/promoter locale, taggato da un artista club",Likely
Flow Festival,Helsinki,Musica,https://www.instagram.com/flowfestivalhelsinki,"Festival musica e arte urbana dal 2004, area ex centrale elettrica Suvilahti",Certain
Mutek Barcelona,Barcellona,Digital art,https://www.instagram.com/mutekes,"Festival internazionale creativita digitale e musica elettronica, dal 2009 (biennale dal 2024)",Certain
Parallel Festival,Toledo (Spagna),Musica,https://www.instagram.com/parallelfestival,Festival techno/ambient/sperimentale sulle montagne catalane (Port del Comte),Certain
Positive Education,Lione,Musica,https://www.instagram.com/positiveeducation,"Festival elettronica di riferimento a Saint-Etienne (area Lione/Rodano-Alpi), dal 2016",Certain
E-Only Festival,Lipsia,Musica,https://www.instagram.com/eonlyfestival,Festival EBM/darkwave nello storico Stadtbad di Lipsia,Certain
Ansia Festival,Bogotá,Musica,https://www.instagram.com/ansiafestival,Festival post-punk/minimal synth/cold wave/dark wave,Certain
Next Festival,Bratislava,Musica,https://www.instagram.com/festivalnext,Festival musica avventurosa/sonic art dal 2000,Certain
Kala Festival,Dhermi (Albania),Musica,https://www.instagram.com/kalafestival,Festival boutique sulla spiaggia: house/disco/techno/funk/soul,Certain
Elevate Festival,Graz,Digital art,https://www.instagram.com/elevate_festival,"Festival musica/arte/discorso politico dal 2005, tappa tour Dame Area. Handle corretto dopo verifica.",Certain
The Hare and Hounds,Birmingham,Musica,https://www.instagram.com/hareandhoundsbrum,"Pub/venue concerti, tappa tour Dame Area",Certain
SOUP,Manchester,Musica,https://www.instagram.com/soup_mcr,"Venue concerti/club, tappa tour Dame Area",Certain
Earth,Londra,Musica,https://www.instagram.com/earthhackney,"Venue concerti a Hackney, tappa tour Dame Area",Certain
Stage Live,Bilbao,Musica,https://www.instagram.com/stagelivebilbao,"Sala concerti, tappa tour Dame Area",Certain
Saccade,Bristol,Musica,https://www.instagram.com/accidentalmeetings,"Serata/promoter (IG del collettivo Accidental Meetings), tappa tour Dame Area",Certain
Factoria de So,Palma di Maiorca,Musica,https://www.instagram.com/factoriadeso,"Sala concerti, tappa tour Dame Area",Certain
Son Letal,San José,Musica,https://www.instagram.com/sonletal.cr,"Venue/promoter, tappa tour Dame Area",Certain
Asilo,Bogotá,Musica,https://www.instagram.com/asiloclub,"Bar/venue dark/post-punk, tappa tour Dame Area (legato anche ad Ansia Festival). Handle corretto dopo verifica.",Certain
Club Vita,Santiago del Cile,Musica,https://www.instagram.com/clubvita_,"Club, tappa tour Dame Area",Certain
Casa Colombo,Buenos Aires,Musica,https://www.instagram.com/casacolombobsas,"Venue concerti/club, tappa tour Dame Area",Certain
Audio Rebel,Rio de Janeiro,Musica,https://www.instagram.com/audiorebel,"Club/venue, tappa tour Dame Area",Certain
Aurora Festival,Natal,Musica,https://www.instagram.com/aurorafestivalnatal,"Festival musicale, tappa tour Dame Area",Certain
Embassat Festival,Sabadell,Musica,https://www.instagram.com/embassat,"Festival musicale, tappa tour Dame Area",Certain
Retrofuture,La Coruña,Musica,https://www.instagram.com/retrofutureclub,"Club, tappa tour Dame Area",Certain
Garage Mu Festival,Parigi,Musica,https://www.instagram.com/collectifmu,"Festival del Collectif MU alla Station-Gare des Mines, tappa tour Dame Area. Handle corretto dopo verifica.",Certain
Volks,Brighton,Musica,https://www.instagram.com/volksbrighton,"Club/venue, tappa tour Dame Area",Certain
Outer Waves Festival,Liverpool,Musica,https://www.instagram.com/outerwavesfestival,"Festival musica/arte sperimentale dal 2025, ha ospitato Dame Area. Handle corretto dopo verifica.",Certain
Serralves em Festa,Porto,Arte,https://www.instagram.com/museuserralves,"Grande festa/festival annuale del museo Serralves, tappa tour Dame Area",Certain
Festival Impulso,Caldas da Rainha,Musica,https://www.instagram.com/festival_impulso,"Festival musicale, tappa tour Dame Area. Handle corretto dopo verifica.",Certain
MKC,Spalato,Misto,https://www.instagram.com/mkc_split,"Centro culturale giovanile, concerti/eventi, tappa tour Dame Area",Certain
Pies Pala Pop,Rennes,Musica,https://www.instagram.com/piespalapop,"Venue/promoter concerti, tappa tour Dame Area",Certain
Best Kept Secret Festival,Hilvarenbeek,Musica,https://www.instagram.com/bksfestival,"Grande festival musicale olandese, tappa tour Dame Area",Certain
Rust,Copenhagen,Musica,https://www.instagram.com/rustcph,"Club/venue concerti, tappa tour Dame Area",Certain
Fête de la Musique Bruxelles,Bruxelles,Misto,https://www.instagram.com/fetedelamusiquebruxelles,"Edizione bruxellese della giornata mondiale della musica, tappa tour Dame Area",Certain
Rock In Bourlon,Bourlon,Musica,https://www.instagram.com/rockinbourlon,"Festival rock, tappa tour Dame Area",Certain
Convivencia Festival,Tolosa,Musica,https://www.instagram.com/convivencia_festival,"Scena navigante di musiche del mondo, tappa tour Dame Area. Handle corretto dopo verifica.",Certain
Orbeat Festival,L'Aquila,Musica,https://www.instagram.com/orbeat.collective,"Festival musica contemporanea/sperimentazione artistica, tappa tour Dame Area. Handle corretto dopo verifica.",Certain
Lethargy Festival,Zurigo,Musica,https://www.instagram.com/lethargyfestival,"Festival musicale, tappa tour Dame Area",Certain
Vodafone Paredes de Coura Festival,Paredes de Coura,Musica,https://www.instagram.com/vodafoneparedesdecoura,"Grande festival musicale portoghese, tappa tour Dame Area",Certain
Green Man Festival,Brecons Beacons,Musica,https://www.instagram.com/greenmanfest,"Festival musicale/arte nel Galles, tappa tour Dame Area",Certain
Le Cumulus,Bordeaux,Musica,https://www.instagram.com/lecumulus_bdx,"Venue concerti, tappa tour Sangre de Muérdago",Certain
Cold Crash,Nantes,Musica,https://www.instagram.com/coldcrashnantes,"Venue/collettivo concerti, tappa tour Sangre de Muérdago",Certain
Église Sépulcre,Caen,Musica,https://www.instagram.com/eglise_sepulcre_caen,"Ex chiesa riconvertita in venue concerti, tappa tour Sangre de Muérdago",Certain
House of Mysteries,Gent,Musica,https://www.instagram.com/houseofmysteriesgent,"Venue concerti, tappa tour Sangre de Muérdago. Handle corretto dal link diretto dell'utente.",Certain
De Gudde Wellen,Lussemburgo,Musica,https://www.instagram.com/deguddewellen,"Birreria/venue concerti, tappa tour Sangre de Muérdago",Certain
B-Side,Münster,Musica,https://www.instagram.com/bside.ms,"Venue concerti, tappa tour Sangre de Muérdago",Certain
Die Ganze Bäckerei,Flensburg,Musica,https://www.instagram.com/die_ganze_baeckerei,"Centro culturale/venue concerti in ex panificio, tappa tour Sangre de Muérdago",Certain
Huset,Aalborg,Misto,https://www.instagram.com/husetaalborg,"Centro culturale/venue concerti, tappa tour Sangre de Muérdago",Certain
UT Connewitz,Lipsia,Musica,https://www.instagram.com/ut_connewitz,"Storico cinema/teatro riconvertito in venue concerti, tappa tour Sangre de Muérdago",Certain
Kostel CČE Nusle,Praga,Musica,https://www.instagram.com/farnisbor_cce_nusle,"Chiesa evangelica usata come venue concerti, tappa tour Sangre de Muérdago",Certain
Grüntal,Winterthur,Musica,https://www.instagram.com/gruntalwinterthur,"Venue concerti, tappa tour Sangre de Muérdago",Certain
A Way,Liestal,Musica,https://www.instagram.com/away.liestal,"Venue concerti, tappa tour Sangre de Muérdago",Certain
Le Zoo Usine,Ginevra,Musica,https://www.instagram.com/zoo_usine,"Centro culturale/venue concerti, tappa tour Sangre de Muérdago",Certain
Ban Yerevan,Erevan,Musica,https://www.instagram.com/ban_yerevan,Bar/club musica elettronica,Certain
NOPA Festival,Erevan,Musica,https://www.instagram.com/nopa.sound,Festival for sonic arts. Handle corretto dopo verifica.,Certain
Dom im Berg,Graz,Arte,https://www.instagram.com/domimberg,Sala eventi/arte dentro una montagna,Certain
Intertonale,Scheibbs,Musica,https://www.instagram.com/intertonale,"Seminario e festival musicale dal 2016 (citta corretta dopo verifica: era sbagliata, non Gresseneck)",Certain
Inseminoid,Innsbruck,Musica,https://www.instagram.com/inseminoid,Evento/collettivo musica elettronica,Certain
mdw (Universitat fur Musik),Vienna,Arte,https://www.instagram.com/mdw_wien,Universita di musica e arti performative,Certain
Sonic Territories,Vienna,Musica,https://www.instagram.com/sonicterritories,Festival/collettivo musica sperimentale,Certain
Unsafe+Sounds Festival,Vienna,Musica,https://www.instagram.com/unsafeandsounds,Festival musica sperimentale/noise dal 2015. Handle corretto dopo verifica.,Certain
Vienna Music Institute,Vienna,Arte,https://www.instagram.com/vienna_music_institute,Istituto musicale,Certain
Het Bos,Anversa,Misto,https://www.instagram.com/hetbos,Spazio arte/musica/teatro sperimentale,Certain
Botanique,Bruxelles,Musica,https://www.instagram.com/botanique_bxl,Sala concerti in un giardino botanico storico dal 1984. Handle corretto dopo verifica.,Certain
Kiosk Radio,Bruxelles,Musica,https://www.instagram.com/kiosk.radio,Web radio/collettivo musica elettronica. Handle corretto dopo verifica.,Certain
Novas Frequências,Rio de Janeiro,Musica,https://www.instagram.com/novasfrequencias,Festival musica sperimentale/contemporanea,Certain
Cecilia,San Paolo,Misto,https://www.instagram.com/ceciliacultural,Spazio culturale/musica. Handle corretto dopo verifica.,Certain
Entreposto,San Paolo,Misto,https://www.instagram.com/entreposto.sp,Spazio culturale/eventi,Certain
Veneno Radio,San Paolo,Musica,https://www.instagram.com/veneno.live,Web radio musica elettronica,Certain
MUTEK Montreal / Club SAT,Montréal,Digital art,https://www.instagram.com/mutekmontreal,"Festival internazionale creativita digitale, sede storica di MUTEK",Certain
Club SAT,Montréal,Digital art,https://www.instagram.com/sat_montreal,"Societe des Arts Technologiques, centro digital art",Certain
PHI Centre,Montréal,Arte,https://www.instagram.com/phicentre,Centro arte/cinema/musica multidisciplinare,Certain
Radio BYYB,Shanghai,Musica,https://www.instagram.com/byyb.radio,"Community radio a Changle Rd, scena elettronica underground (handle corretto dopo verifica: era sbagliato)",Certain
Tearoom Exit,Shanghai,Musica,https://www.instagram.com/exitshanghai,Club musica elettronica (handle corretto dopo verifica: era sbagliato),Certain
Abyss,Shanghai,Musica,https://www.instagram.com/abyss_shanghai,"Club hard techno/gender-expressive, ex ""151""",Certain
OIL,Shenzhen,Musica,https://www.instagram.com/oilclub_official,"Storico club underground dal 2017, sistema audio Danley unico in Asia, gia Club of the Week su Resident Advisor (handle corretto dopo verifica: era sbagliato)",Certain
Casa Dao,Hong Kong,Musica,https://www.instagram.com/casadao_hk,Serate club ogni sabato notte a Sheung Wan (handle corretto dopo verifica: era sbagliato),Certain
Bogotrax,Bogotá,Musica,https://www.instagram.com/bogotrax,Festival/collettivo musica elettronica sperimentale. Handle corretto dopo verifica.,Certain
Cincuentacincuenta,Medellín,Musica,https://www.instagram.com/cincuentacincuenta.mde,Collettivo/venue musica elettronica,Certain
Attack Fest / AKC Attack,Zagabria,Misto,https://www.instagram.com/akcattack,"Centro culturale autonomo, festival/eventi",Certain
Alter,Aarhus,Musica,https://www.instagram.com/alter.festival,Festival musica trasgressiva/avventurosa e arte. Handle corretto dopo verifica.,Certain
Le Sucre,Lione,Misto,https://www.instagram.com/lesucrelyon,"Ex raffineria di zucchero, ora spazio arte/musica/club",Certain
Actoral / La Cômerie,Marsiglia,Arte,https://www.instagram.com/festivalactoral,Festival arti performative/teatro/danza,Certain
AMI Marseille,Marsiglia,Musica,https://www.instagram.com/ami_marseille,"Associazione musiche innovatrices, sala concerti",Certain
Ballet National de Marseille,Marsiglia,Arte,https://www.instagram.com/balletnationaldemarseille,Compagnia di danza contemporanea,Certain
Boundless,Marsiglia,Musica,https://www.instagram.com/boundless_collectif,Collettivo rave alternativi. Handle corretto dopo verifica (era sbagliato).,Certain
Docks des Suds,Marsiglia,Musica,https://www.instagram.com/docksdessuds,"Sala concerti, sede del festival Marsatac",Certain
Ikse Ikse,Marsiglia,Musica,https://www.instagram.com/ikseikse,Collettivo/promoter musica elettronica,Certain
Local Warming Festival,Marsiglia,Musica,https://www.instagram.com/localwarmingfestival,Festival musica elettronica,Certain
Marsatac,Marsiglia,Musica,https://www.instagram.com/marsatac,Grande festival musicale ai Docks des Suds,Certain
Metaphore Collectif,Marsiglia,Misto,https://www.instagram.com/metaphore.collectif,Collettivo artistico (gia in TO-DO/COLLETTIVI della lista originale). Handle corretto dopo verifica (era sbagliato).,Certain
Scopitone Festival,Nantes,Digital art,https://www.instagram.com/stereolux_scopitone,"Festival culture elettroniche/arti digitali, organizzato da Stereolux. Handle corretto dopo verifica.",Certain
3537,Parigi,Musica,https://www.instagram.com/3537org,Spazio associativo musica/arte,Certain
Bourse de Commerce,Parigi,Arte,https://www.instagram.com/boursedecommerce,Museo arte contemporanea (Fondazione Pinault),Certain
Centre Culturel Irlandais,Parigi,Arte,https://www.instagram.com/ccirlandais,"Centro culturale, eventi/musica/arte",Certain
La Gaîté Lyrique,Parigi,Digital art,https://www.instagram.com/gaitelyrique,Centro cultura digitale/musica/arte,Certain
La Station - Gare des Mines,Parigi,Misto,https://www.instagram.com/stationgaredesmines,Ex stazione merci riconvertita in spazio arte/musica. Handle corretto dopo verifica.,Certain
Rinse France,Parigi,Musica,https://www.instagram.com/rinsefrance,Radio/collettivo musica elettronica/bass,Certain
Césaré,Reims,Musica,https://www.instagram.com/cesare_cncm,Centro nazionale creazione musicale,Certain
Maintenant Festival,Rennes,Digital art,https://www.instagram.com/maintenant_festival,Festival musica elettronica/arti digitali. Handle corretto dopo verifica.,Certain
La Communale,Saint-Ouen (Parigi),Misto,https://www.instagram.com/lacommunalesaintouen,Spazio culturale/musica,Certain
Karmen Camina,Strasburgo,Musica,https://www.instagram.com/karmen.camina,Collettivo/venue musica,Certain
4GB Festival,Tbilisi,Musica,https://www.instagram.com/4gbfestival,"Festival musica elettronica dal 2011, dedicato al DJ georgiano Gio Bakanidze. Handle corretto dopo verifica.",Certain
Golden Pudel,Amburgo,Musica,https://www.instagram.com/pudel_com,Storico club underground sul porto. Handle corretto dopo verifica (era sbagliato).,Certain
MS Stubnitz,Amburgo,Musica,https://www.instagram.com/ms.stubnitz,Nave rompighiaccio riconvertita in venue concerti/club. Handle corretto dopo verifica.,Certain
6*Festival,Bayreuth,Musica,https://www.instagram.com/6festival_bayreuth,Festival musicale,Certain
90mil,Berlino,Musica,https://www.instagram.com/90mil___,Spazio multidisciplinare (arte/teatro/radio/ceramica/musica). Handle corretto dopo verifica.,Certain
ÆDEN,Berlino,Musica,https://www.instagram.com/aedenberlin,Club musica elettronica,Certain
Berghain / Säule / Kantine,Berlino,Musica,https://www.instagram.com/berghain_oberbaumbridge,Complesso club techno leggendario,Likely
CTM Festival,Berlino,Digital art,https://www.instagram.com/ctmfestival,Festival musica elettronica sperimentale/arti digitali. Handle confermato dal link diretto dell'utente.,Certain
Fitzroy,Berlino,Musica,https://www.instagram.com/fitzroy_berlin,Club/bar musica elettronica,Certain
Kesselhaus,Berlino,Musica,https://www.instagram.com/kesselhaus_berlin,Sala concerti nella ex fabbrica di birra Kulturbrauerei,Certain
Kwia,Berlino,Musica,https://www.instagram.com/kwia.berlin,"CHIUSO il 25 luglio 2026 (listening bar ambient a Neukolln dal 2021, affitto insostenibile). Handle corretto dopo verifica.",Certain
MONOM,Berlino,Digital art,https://www.instagram.com/monomstudios,"Studio arte sonora spaziale/digitale al Funkhaus Berlin, primo sistema 4DSOUND. Handle corretto dopo verifica.",Certain
Ohm,Berlino,Musica,https://www.instagram.com/ohm_berlin,Club musica elettronica sperimentale,Certain
Refuge Worldwide,Berlino,Musica,https://www.instagram.com/refugeworldwide,Web radio musica elettronica,Certain
RSO Berlin,Berlino,Musica,https://www.instagram.com/rso.berlin,Collettivo/serate club,Certain
SFX Berlin,Berlino,Digital art,https://www.instagram.com/sfx_berlin,Organizzazione arte multimediale fondata da Zoe Mcpherson,Certain
Urbane Künste Ruhr,Bochum,Arte,https://www.instagram.com/urbanekuensteruhr,Istituzione arte pubblica/urbana nella Ruhr,Certain
Gewölbe,Colonia,Musica,https://www.instagram.com/gewoelbe_koeln,Club techno underground,Certain
Cosmo Festival,Dortmund,Musica,https://www.instagram.com/cosmo_festival,Festival musicale. Handle probabilmente corretto dopo verifica parziale (localita esatta da confermare).,Likely
New Now Festival / Zeche Zollverein,Essen,Digital art,https://www.instagram.com/newnow_festival,Festival musica/arte digitale in ex miniera patrimonio UNESCO. Handle corretto dopo verifica.,Certain
MusikZentrum,Hannover,Musica,https://www.instagram.com/musikzentrum_hannover,Centro musicale/sala concerti,Certain
ZiMMT,Lipsia,Musica,https://www.instagram.com/z.i.m.m.t,"Centro per arte multimediale immersiva, musica e tecnologia. Handle corretto dopo verifica.",Certain
Hospiz,Neumarkt,Misto,https://www.instagram.com/hospiz.neumarkt,Spazio culturale/musica,Certain
Open Ground,Wuppertal,Musica,https://www.instagram.com/openground.club,Club musica elettronica,Certain
Predator,Fukuoka,Musica,https://www.instagram.com/predator_fukuoka,Club musica elettronica,Certain
Club Ondo,Hiroshima,Musica,https://www.instagram.com/club_ondo,Club musica elettronica,Certain
ROBOT Festival,Bologna,Digital art,https://www.instagram.com/robotfestival,Festival musica elettronica/arti digitali,Certain
Hacienda / Klang,Roma,Musica,https://www.instagram.com/hacienda.roma,Serata/collettivo al Pigneto (possibile evoluzione o serata gemella di Klang),Likely
Argo16,Venezia,Arte,https://www.instagram.com/argo16_venezia,Spazio arte/eventi indipendente (Associazione Spazio Aereo). Handle corretto dopo verifica (era sbagliato).,Certain
Cosmo,Venezia,Musica,https://www.instagram.com/cosmo.venice,Club/collettivo musica elettronica,Certain
Rotondes,Lussemburgo,Misto,https://www.instagram.com/rotondes,"Ex rimessa treni, ora centro culturale multidisciplinare",Certain
MUTEK México,Città del Messico,Digital art,https://www.instagram.com/mutekmx,Festival internazionale creativita digitale e musica elettronica,Certain
Ssensorial,Città del Messico,Musica,https://www.instagram.com/ssensorial.mx,Collettivo/serate musica elettronica,Certain
Túnel 90.9 FM,Città del Messico,Musica,https://www.instagram.com/ibero909fm,"Radio universitaria, programmi musica elettronica/sperimentale",Certain
SPAZ Soundsystem,Mazunte,Musica,https://www.instagram.com/spaz_soundsystem,Collettivo/soundsystem musica elettronica sulla spiaggia,Certain
EKKO Festival,Bergen,Musica,https://www.instagram.com/ekkobergen,Festival musica elettronica/sperimentale dal 2003. Handle corretto dopo verifica.,Certain
Insomnia Festival,Tromsø,Musica,https://www.instagram.com/insomniatromso,"Festival musica elettronica/sperimentale nell artico dal 2002. Handle corretto dopo verifica (esiste un altro Insomnia Festival in Portogallo, da non confondere).",Certain
Dokzaal,Amsterdam,Musica,https://www.instagram.com/dokzaal.amsterdam,Sala concerti/club,Certain
Dusty Cabinets,Amsterdam,Musica,https://www.instagram.com/dustycabinets,Collettivo/serate musica elettronica,Certain
Garage Noord,Amsterdam,Musica,https://www.instagram.com/garagenoord,Club musica elettronica sperimentale,Certain
Tillatec,Amsterdam,Musica,https://www.instagram.com/tillatec,Collettivo/etichetta musica elettronica,Certain
GOGBOT Festival,Enschede,Digital art,https://www.instagram.com/gogbot,Festival arte/tecnologia/musica,Certain
OOST,Groningen,Musica,https://www.instagram.com/oost.groningen,Club/spazio musica elettronica,Certain
Rewire Festival,LAia (Olanda),Digital art,https://www.instagram.com/rewirefestival,Festival musica sperimentale/arti digitali,Certain
Noods Radio,Bristol,Musica,https://www.instagram.com/noodsradio,Web radio musica elettronica,Certain
Saffron Recordings,Bristol,Musica,https://www.instagram.com/saffronrecordings,Etichetta/collettivo musica elettronica,Certain
Corsica Studios,Londra,Musica,https://www.instagram.com/corsica.studios,Club musica elettronica underground,Certain
Free Mvmts,Londra,Musica,https://www.instagram.com/freemvmts,Collettivo/serate musica elettronica,Certain
ICA (Institute of Contemporary Arts),Londra,Arte,https://www.instagram.com/icalondon,"Istituto arte contemporanea dal 1946, eventi multidisciplinari. Handle corretto dopo verifica.",Certain
Stone Nest,Londra,Misto,https://www.instagram.com/stonenest.london,Ex chiesa riconvertita in spazio arte/musica,Certain
Venue MOT,Londra,Arte,https://www.instagram.com/venuemot,Spazio arte contemporanea,Certain
The White Hotel,Manchester,Musica,https://www.instagram.com/m3_7lw,"Storico club underground a Salford dal 2015, CHIUSURA ANNUNCIATA per inizio 2027. Handle corretto dopo verifica (era sbagliato).",Certain
Fuchs2,Praga,Musica,https://www.instagram.com/fuchs2stvanice,"Venue musica avventurosa su un isola nel centro di Praga, legato a Creepy Teepee Festival. Handle corretto dopo verifica (era sbagliato).",Certain
Synth Library Prague,Praga,Musica,https://www.instagram.com/synthlibraryprague,"Collezione/collettivo dedicato ai synth, eventi",Certain
Razzmatazz,Barcellona,Musica,https://www.instagram.com/razzmatazzclubs,"Storico club multi-sala dal 2000, 5 sale, capacita 2100+. Handle corretto dopo verifica (era sbagliato).",Certain
L.E.V. Festival,Gijón,Digital art,https://www.instagram.com/levfestival,Festival musica elettronica/arti audiovisive,Certain
Curtocircuíto,Santiago de Compostela,Arte,https://www.instagram.com/curtocircuito_festival,"Festival internazionale di cortometraggi, con sezione musica/arte. Handle corretto dopo verifica.",Certain
Intonal Festival,Malmö,Musica,https://www.instagram.com/intonalfestival,Festival musica elettronica sperimentale (gia in Festival della lista originale),Certain
PLX,Malmö,Musica,https://www.instagram.com/plxplxplx,Collettivo/festival musica elettronica. Handle corretto dopo verifica.,Certain
Norbergfestival,Norberg,Musica,https://www.instagram.com/norbergfestival,Festival techno/elettronica sperimentale in un ex villaggio minerario,Certain
TraTra Festival,Basilea,Musica,https://www.instagram.com/tratrafestival,Festival musica elettronica/sperimentale,Certain
Dachstock,Berna,Musica,https://www.instagram.com/dachstock_reitschule,Sala concerti nella Reitschule. Handle corretto dopo verifica.,Certain
The Sound Dome (Zene Háza),Budapest,Musica,https://www.instagram.com/zenehazabp,Sala concerti/istituzione musicale,Certain
Unlocked,Barcellona,Musica,https://www.instagram.com/unlocked_bcn,"Serate hard techno/hard groove dal 2020 (era nella lista come ""Unlocked_bcn"")",Certain
Casa dels Contes,Barcellona,Arte,https://www.instagram.com/casadelscontes,"Piccolo teatro a Gràcia: spettacoli, concerti, magia, burattini",Certain
Valkiria Hub Space,Barcellona,Misto,https://www.instagram.com/valkiriahubspace,"Sale eventi multifunzionali a Poblenou (possibile evoluzione di ""Valkiria IFF"")",Certain
Den Anden Side,Copenhagen,Musica,https://www.instagram.com/den_anden_side_cph,"Club electronic community-based, successore di Ved Siden Af (chiuso)",Certain
Creepy Teepee Festival,Praga,Musica,https://www.instagram.com/creepyteepeefestival,"Festival artist-run dal 2009 (ex Kutná Hora, dal 2026 a Praga su Štvanice Island, legato al club Fuchs2)",Certain
Shotgun Festival,Hrádek nad Nisou,Musica,https://www.instagram.com/shtgnfestival,"Festival techno/hardgroove/bass dove si incontrano Cechia, Germania e Polonia. Handle fornito dall'utente e verificato.",Certain
L'Envers,Marrakech,Musica,https://www.instagram.com/lenversmarrakech,"Bar electro di riferimento a Guéliz dal 2017, usato anche per prenotazioni via DM",Certain
Faktory'z,Marrakech,Musica,https://www.instagram.com/faktoryzmarrakech,Locale party latino-marocchino con DJ set,Certain
Atlas Electronic,Marrakech,Musica,https://www.instagram.com/atlaselectronic,"Festival musicale marocchino-olandese annuale, musica underground e collaborazioni cross-culturali",Certain
Harvest Festival Marrakech,Marrakech,Musica,https://www.instagram.com/harvest_marrakech,"Festival che porta in scena progetti come Tekchbila (musica elettronica + amazigh), prossima edizione ottobre 2026",Certain
Meydene,Marrakech,Arte,https://www.instagram.com/meydene.marrakech,"Spazio immersivo/teatro su M-Avenue, ospita concerti ed eventi culturali (es. Tekchbila)",Certain
BIRO,Podgorica,Musica,https://www.instagram.com/biro_club,"Night club techno, partner ufficiale Funktion-One, giardino estivo con DJ internazionali, 21+",Certain
Monkey Club,Podgorica,Musica,https://www.instagram.com/monkeyclub_pg,"Club/live venue, ospita anche concerti metal internazionali",Certain
CKZ Ribnica,Podgorica,Misto,https://www.instagram.com/ribnicackz,"Centro Culturale in ex ristorante storico, eventi live (attenzione: esiste anche @ckzribnica, verificare quale sia attivo)",Likely
